Configuration,Accuracy,Precision,Recall,F1,ROC-AUC,MCC,Balanced Acc,FPR,FNR,Latency (ms)
Full Hybrid Stacking Ensemble,0.925,1.0,0.8333333333333334,0.9090909090909091,0.9962121212121213,0.8563488385776753,0.9166666666666667,0.0,0.16666666666666666,321.0
Without XGBoost (Transformer Only),0.9375,0.9428571428571428,0.9166666666666666,0.9295774647887324,0.9753787878787878,0.8736977528572243,0.9356060606060606,0.045454545454545456,0.08333333333333333,285.0
Without RoBERTa Classifier,0.925,1.0,0.8333333333333334,0.9090909090909091,0.9779040404040404,0.8563488385776753,0.9166666666666667,0.0,0.16666666666666666,250.0
Without DeBERTa Classifier,0.95,0.9444444444444444,0.9444444444444444,0.9444444444444444,0.9930555555555556,0.898989898989899,0.9494949494949495,0.045454545454545456,0.05555555555555555,190.0
Without DistilBERT Classifier,0.95,0.9444444444444444,0.9444444444444444,0.9444444444444444,0.9936868686868687,0.898989898989899,0.9494949494949495,0.045454545454545456,0.05555555555555555,310.0
Without Probability Calibration,0.95,0.9705882352941176,0.9166666666666666,0.9428571428571428,0.9930555555555556,0.8996369620944953,0.946969696969697,0.022727272727272728,0.08333333333333333,321.0
Without Out-of-Fold Stacking (Naive Fit),0.9625,0.9459459459459459,0.9722222222222222,0.958904109589041,0.9962121212121212,0.9247266569117119,0.9633838383838385,0.045454545454545456,0.027777777777777776,321.0
Without Advanced Meta Features,0.95,0.9444444444444444,0.9444444444444444,0.9444444444444444,0.9930555555555556,0.898989898989899,0.9494949494949495,0.045454545454545456,0.05555555555555555,321.0
Without Threshold Optimization (Fixed 0.5),0.95,0.9210526315789473,0.9722222222222222,0.9459459459459459,0.9962121212121213,0.9006353433384332,0.952020202020202,0.06818181818181818,0.027777777777777776,321.0
